"task_1","task_2","task_3","task_4"
-1.2317982607967,-4.40107146959314,-3.47265186018939,0.520846820109305
-0.482049601566823,-0.570678616754895,-0.263971125514511,1.76274809857964
-1.96315150099633,-3.90427193626403,-4.40202987238209,-2.62336043047167
0.0440426214065447,-1.69880632080563,-0.330408836608307,-0.619772434639691
-0.62250745719687,0.935252232684281,3.25176394473582,0.473662256679828
